model,mae,rmse,r2,is_best
RandomForestRegressor,0.003445136083718075,0.03509922001018045,0.9862859719622271,True
XGBoostRegressor,0.008740445598959923,0.04031416401267052,0.9819080233573914,False
